contactsaddressid,vanid,city_x,state_x,zip5,latitude_x,longitude_x,zip,city_y,state_y,latitude_y,longitude_y,timezone,daylight_savings_time_flag,geopoint
1522343,100602286,Odessa,FL,33556,,,33556,Odessa,FL,28.143377,-82.59054,-5,1,"28.143377, -82.59054"
1657571,101839463,Sioux City,IA,51106,,,51106,Sioux City,IA,42.466292,-96.35291,-6,1,"42.466292, -96.35291"
1667757,101846009,Santee,CA,92071,,,92071,Santee,CA,32.84681,-116.98983,-8,1,"32.84681, -116.98983"
631053,100637566,Kissimmee,FL,34743,,,34743,Kissimmee,FL,28.325715,-81.35408,-5,1,"28.325715, -81.35408"
907323,100913836,Miami,FL,33172,,,33172,Miami,FL,25.786634,-80.36151,-5,1,"25.786634, -80.36151"
909529,100916042,Brooklyn,NY,11214,,,11214,Brooklyn,NY,40.598994,-73.99611,-5,1,"40.598994, -73.99611"
928367,100934880,Dickinson,ND,58601,,,58601,Dickinson,ND,46.878057,-102.8041,-7,1,"46.878057, -102.8041"
1679501,101853610,San Diego,CA,92127,,,92127,San Diego,CA,33.022384,-117.10694,-8,1,"33.022384, -117.10694"
2205378,101863916,The Woodlands,TX,77382,,,77382,Spring,TX,30.214741,-95.53212,-6,1,"30.214741, -95.53212"
2399234,100642064,Houston,TX,77005,,,77005,Houston,TX,29.717529,-95.42821,-6,1,"29.717529, -95.42821"
912410,100918923,Lansing,MI,48917,,,48917,Lansing,MI,42.735535,-84.62698,-5,1,"42.735535, -84.62698"
1382163,100946023,Eden Prairie,MN,55347,,,55347,Eden Prairie,MN,44.831413,-93.46031,-6,1,"44.831413, -93.46031"
1629536,101833400,,,,,,,,,,,,,
2187060,102339533,Scottsdale,AZ,85250,,,85250,Scottsdale,AZ,33.521433,-111.90944,-7,0,"33.521433, -111.90944"
2270600,101674776,Alpharetta,GA,30005,,,30005,Alpharetta,GA,34.080035,-84.21929,-5,1,"34.080035, -84.21929"
2274273,101400549,Shrewsbury,PA,17361,,,17361,Shrewsbury,PA,39.765405,-76.67748,-5,1,"39.765405, -76.67748"
550960,100557473,Scottsdale,AZ,85258,,,85258,Scottsdale,AZ,33.566635,-111.89337,-7,0,"33.566635, -111.89337"
685603,100692116,Hollywood,FL,33024,,,33024,Hollywood,FL,26.023567,-80.23851,-5,1,"26.023567, -80.23851"
930514,100937027,Womelsdorf,PA,19567,,,19567,Womelsdorf,PA,40.373285,-76.20054,-5,1,"40.373285, -76.20054"
1662315,101838991,Downey,CA,90241,,,90241,Downey,CA,33.942289,-118.12901,-8,1,"33.942289, -118.12901"
2288643,102203430,Bainbridge Island,WA,98110,,,98110,Bainbridge Island,WA,47.65526,-122.53508,-8,1,"47.65526, -122.53508"
2298933,101781463,Cleveland,OH,44114,,,44114,Cleveland,OH,41.50988,-81.6753,-5,1,"41.50988, -81.6753"
706198,100712711,Clarendon Hills,IL,60514,,,60514,Clarendon Hills,IL,41.779533,-87.95798,-6,1,"41.779533, -87.95798"
955859,100962372,Providence,RI,2908,,,2908,Providence,RI,41.839296,-71.43802,-5,1,"41.839296, -71.43802"
1169257,100650921,Virgilina,VA,,,,,,,,,,,
1661970,101842031,Cordova,TN,38018,,,38018,Cordova,TN,35.157681,-89.78249,-6,1,"35.157681, -89.78249"
1947510,102111212,Mooresville,NC,28117,,,28117,Mooresville,NC,35.571827,-80.89228,-5,1,"35.571827, -80.89228"
678382,100684895,Coppell,TX,75019,,,75019,Coppell,TX,32.967341,-96.98656,-6,1,"32.967341, -96.98656"
1661289,101841468,Columbus,OH,43230,,,43230,Columbus,OH,40.039963,-82.87855,-5,1,"40.039963, -82.87855"
1866178,101846126,Planada,CA,95365,,,95365,Planada,CA,37.297403,-120.32285,-8,1,"37.297403, -120.32285"
2237750,102339541,Bountiful,UT,84010,,,84010,Bountiful,UT,40.876312,-111.87249,-7,1,"40.876312, -111.87249"
634418,100640931,Fredericksburg,VA,22407,,,22407,Fredericksburg,VA,38.271028,-77.5559,-5,1,"38.271028, -77.5559"
753538,100760051,Pompano Beach,FL,33076,,,33076,Pompano Beach,FL,26.30116,-80.2731,-5,1,"26.30116, -80.2731"
1651818,101835070,Arlington,VA,22201,,,22201,Arlington,VA,38.885337,-77.09512,-5,1,"38.885337, -77.09512"
607708,100614221,Covington,KY,41011,,,41011,Covington,KY,39.0752,-84.52064,-5,1,"39.0752, -84.52064"
711681,100718194,Salt Lake City,UT,84116,,,84116,Salt Lake City,UT,40.790309,-111.94018,-7,1,"40.790309, -111.94018"
824657,100831170,,,90286,,,,,,,,,,
1867949,101846553,San Antonio,TX,78209,,,78209,San Antonio,TX,29.48618,-98.4568,-6,1,"29.48618, -98.4568"
2140471,100751836,Orlando,FL,32803,,,32803,Orlando,FL,28.557579,-81.35244,-5,1,"28.557579, -81.35244"
2224603,100871801,New City,NY,10956,,,10956,New City,NY,41.145495,-73.9949,-5,1,"41.145495, -73.9949"
2274715,102135915,Oakland,CA,94606,,,94606,Oakland,CA,37.793177,-122.24352,-8,1,"37.793177, -122.24352"
1428142,101415518,Belle Chasse,LA,70037,,,70037,Belle Chasse,LA,29.822707,-90.00616,-6,1,"29.822707, -90.00616"
2207281,102329377,Lutherville Timonium,MD,21094,,,21094,Lutherville Timonium,MD,39.438964,-76.592139,-5,1,"39.438964, -76.592139"
2305901,100690210,Atlanta,GA,30318,,,30318,Atlanta,GA,33.786805,-84.437,-5,1,"33.786805, -84.437"
909173,100915686,Pittsburgh,PA,15213,,,15213,Pittsburgh,PA,40.443269,-79.95487,-5,1,"40.443269, -79.95487"
715760,100722273,Nashua,NH,,,,,,,,,,,
1651279,100888415,Bethesda,MD,20816,,,20816,Bethesda,MD,38.958377,-77.11425,-5,1,"38.958377, -77.11425"
2292380,101541031,Pompano Beach,FL,33076,,,33076,Pompano Beach,FL,26.30116,-80.2731,-5,1,"26.30116, -80.2731"
2328248,101705784,Woodbury,NJ,8096,,,8096,Woodbury,NJ,39.830313,-75.13221,-5,1,"39.830313, -75.13221"
621058,100627571,Oviedo,FL,32765,,,32765,Oviedo,FL,28.656375,-81.21026,-5,1,"28.656375, -81.21026"
886383,100892896,Cascade Twp,MI,49546,,,49546,Grand Rapids,MI,42.927801,-85.54582,-5,1,"42.927801, -85.54582"
970973,100977486,Virginia Beach,VA,23462,,,23462,Virginia Beach,VA,36.839648,-76.15177,-5,1,"36.839648, -76.15177"
1627306,100668154,,,,,,,,,,,,,
1664819,100655848,San Diego,CA,92127,,,92127,San Diego,CA,33.022384,-117.10694,-8,1,"33.022384, -117.10694"
1688369,100563864,Huntington Woods,MI,48070,,,48070,Huntington Woods,MI,42.482585,-83.16812,-5,1,"42.482585, -83.16812"
2314024,100922886,Greenville,NC,27834,,,27834,Greenville,NC,35.626653,-77.37896,-5,1,"35.626653, -77.37896"
540051,100546564,Lutherville Timonium,MD,21093,,,21093,Lutherville Timonium,MD,39.435789,-76.63614,-5,1,"39.435789, -76.63614"
554576,100561089,Wexford,PA,15090,,,15090,Wexford,PA,40.617016,-80.05916,-5,1,"40.617016, -80.05916"
1863914,101837395,Brooklyn,NY,11215,,,11215,Brooklyn,NY,40.667508,-73.9856,-5,1,"40.667508, -73.9856"
2278287,100822885,Stamford,CT,6905,,,6905,Stamford,CT,41.081396,-73.54506,-5,1,"41.081396, -73.54506"
594511,100601024,Maineville,OH,45039,,,45039,Maineville,OH,39.317735,-84.24728,-5,1,"39.317735, -84.24728"
1291307,100627085,,,,,,,,,,,,,
1660944,101841222,Columbus,OH,43230,,,43230,Columbus,OH,40.039963,-82.87855,-5,1,"40.039963, -82.87855"
1685650,101831278,Houston,TX,77056,,,77056,Houston,TX,29.747328,-95.46931,-6,1,"29.747328, -95.46931"
1967149,102130350,Topanga,CA,90290,,,90290,Topanga,CA,34.101447,-118.59933,-8,1,"34.101447, -118.59933"
2272134,100740240,Tustin,CA,92780,,,92780,Tustin,CA,33.741651,-117.82127,-8,1,"33.741651, -117.82127"
551843,100558356,Nehawka,NE,68413,,,68413,Nehawka,NE,40.833188,-96.00315,-6,1,"40.833188, -96.00315"
828579,100835092,Helena,AL,35080,,,35080,Helena,AL,33.280625,-86.88411,-6,1,"33.280625, -86.88411"
879251,100644397,Los Angeles,CA,90004,,,90004,Los Angeles,CA,34.07711,-118.30755,-8,1,"34.07711, -118.30755"
1643062,101828348,Asbury Park,NJ,7712,,,7712,Asbury Park,NJ,40.232713,-74.03143,-5,1,"40.232713, -74.03143"
1693491,101835892,West Chester,PA,19382,,,19382,West Chester,PA,39.940043,-75.59729,-5,1,"39.940043, -75.59729"
2268042,101582003,Fort Lauderdale,FL,33331,,,33331,Fort Lauderdale,FL,26.056111,-80.36373,-5,1,"26.056111, -80.36373"
1688436,100704449,Ocean View,DE,19970,,,19970,Ocean View,DE,38.55044,-75.09928,-5,1,"38.55044, -75.09928"
1870044,102037153,Downers Grove,IL,60515,,,60515,Downers Grove,IL,41.80348,-88.01827,-6,1,"41.80348, -88.01827"
2233230,100710759,Washington,DC,20016,,,20016,Washington,DC,38.94081,-77.08723,-5,1,"38.94081, -77.08723"
863041,100869554,Melville,NY,11747,,,11747,Melville,NY,40.791593,-73.40543,-5,1,"40.791593, -73.40543"
1440208,100898419,Florida,FL,,,,,,,,,,,
933793,100940306,Bolton,CT,,,,,,,,,,,
803438,100809951,Huntington Station,NY,11746,,,11746,Huntington Station,NY,40.821698,-73.37553,-5,1,"40.821698, -73.37553"
891500,100898013,Bethel,CT,,,,,,,,,,,
622435,100628948,Orlando,FL,32803,,,32803,Orlando,FL,28.557579,-81.35244,-5,1,"28.557579, -81.35244"
830737,100837250,Tempe,AZ,85282,,,85282,Tempe,AZ,33.394067,-111.92873,-7,0,"33.394067, -111.92873"
1865826,100548253,Smyrna,DE,19977,,,19977,Smyrna,DE,39.29799,-75.59391,-5,1,"39.29799, -75.59391"
2128577,102286318,Newark,DE,19711,,,19711,Newark,DE,39.700561,-75.7431,-5,1,"39.700561, -75.7431"
796001,100802514,Felton,PA,17322,,,17322,Felton,PA,39.848832,-76.55122,-5,1,"39.848832, -76.55122"
1863570,102033467,Houston,TX,77098,,,77098,Houston,TX,29.735529,-95.41405,-6,1,"29.735529, -95.41405"
917895,100924408,Greensboro,NC,27403,,,27403,Greensboro,NC,36.064485,-79.82206,-5,1,"36.064485, -79.82206"
747089,100753602,Kensington,MD,20895,,,20895,Kensington,MD,39.027259,-77.07745,-5,1,"39.027259, -77.07745"
860933,100867446,Winter Park,FL,32792,,,32792,Winter Park,FL,28.607077,-81.30606,-5,1,"28.607077, -81.30606"
2278830,101006462,Weimar,CA,95736,,,95736,Weimar,CA,39.01004,-120.97814,-8,1,"39.01004, -120.97814"
824535,100831048,Canoga Park,CA,91304,,,91304,Canoga Park,CA,34.218654,-118.62538,-8,1,"34.218654, -118.62538"
2244315,101759663,Hinsdale,IL,60521,,,60521,Hinsdale,IL,41.772915,-87.92996,-6,1,"41.772915, -87.92996"
871090,100877603,Bronx,NY,10461,,,10461,Bronx,NY,40.842917,-73.83819,-5,1,"40.842917, -73.83819"
1693846,101864101,Chandler,AZ,85248,,,85248,Chandler,AZ,33.239097,-111.86355,-7,0,"33.239097, -111.86355"
2013695,102175904,Cary,NC,27511,,,27511,Cary,NC,35.755651,-78.77508,-5,1,"35.755651, -78.77508"
741978,100748491,Jackson,TN,38305,,,38305,Jackson,TN,35.693101,-88.80653,-6,1,"35.693101, -88.80653"
1667040,101845623,Omaha,NE,68116,,,68116,Omaha,NE,41.294069,-96.15352,-6,1,"41.294069, -96.15352"
664354,100670867,Plano,TX,75093,,,75093,Plano,TX,33.03505,-96.80492,-6,1,"33.03505, -96.80492"
2328340,101835782,Bethesda,MD,20817,,,20817,Bethesda,MD,38.996842,-77.13519,-5,1,"38.996842, -77.13519"
,,,,,,,,,,,,,,
1495500,100716208,,,,,,,,,,,,,
1578898,100928144,Toms River,NJ,8755,,,8755,Toms River,NJ,40.010092,-74.23032,-5,1,"40.010092, -74.23032"
1674255,100822569,Seattle,WA,98122,,,98122,Seattle,WA,47.61157,-122.30406,-8,1,"47.61157, -122.30406"
2210055,102337364,Minneapolis,MN,55403,,,55403,Minneapolis,MN,44.971765,-93.28557,-6,1,"44.971765, -93.28557"
1657831,101839594,New Milford,CT,6776,,,6776,New Milford,CT,41.581494,-73.41313,-5,1,"41.581494, -73.41313"
1662907,100883777,Holtsville,NY,11742,,,11742,Holtsville,NY,40.810606,-73.04036,-5,1,"40.810606, -73.04036"
1864520,101473674,Winston Salem,NC,27109,,,27109,Winston Salem,NC,36.133577,-80.2768,-5,1,"36.133577, -80.2768"
1865077,101693203,Washington,DC,20010,,,20010,Washington,DC,38.933311,-77.02929,-5,1,"38.933311, -77.02929"
2245875,100827638,Coral Gables,FL,33146,,,33146,Miami,FL,25.720728,-80.27255,-5,1,"25.720728, -80.27255"
2350999,101831225,Missouri City,TX,77459,,,77459,Missouri City,TX,29.564347,-95.54762,-6,1,"29.564347, -95.54762"
591460,100597973,Houston,TX,77019,,,77019,Houston,TX,29.752528,-95.39923,-6,1,"29.752528, -95.39923"
700406,100706919,Mechanicsville,VA,23116,,,23116,Mechanicsville,VA,37.662559,-77.36778,-5,1,"37.662559, -77.36778"
765430,100771943,Leominster,MA,,,,,,,,,,,
844326,100850839,San Francisco,CA,94112,,,94112,San Francisco,CA,37.720931,-122.44241,-8,1,"37.720931, -122.44241"
903399,100909912,Stamford,CT,6905,,,6905,Stamford,CT,41.081396,-73.54506,-5,1,"41.081396, -73.54506"
1667136,101845708,Virginia Beach,VA,23452,,,23452,Virginia Beach,VA,36.839209,-76.09333,-5,1,"36.839209, -76.09333"
1685761,101859231,Youngsville,NC,27596,,,27596,Youngsville,NC,36.000487,-78.44921,-5,1,"36.000487, -78.44921"
1881961,102048322,Charlotte,NC,28217,,,28217,Charlotte,NC,35.172319,-80.89731,-5,1,"35.172319, -80.89731"
2087627,102247650,Cresskill,NJ,7626,,,7626,Cresskill,NJ,40.942074,-73.96504,-5,1,"40.942074, -73.96504"
2299213,100649032,Guilford,CT,6437,,,6437,Guilford,CT,41.31353,-72.69791,-5,1,"41.31353, -72.69791"
765918,100772431,Mercer Island,WA,98040,,,98040,Mercer Island,WA,47.569271,-122.23233,-8,1,"47.569271, -122.23233"
1657366,101833253,Washington,DC,20037,,,20037,Washington,DC,38.900394,-77.05126,-5,1,"38.900394, -77.05126"
1694027,101864286,Lutherville Timonium,MD,21093,,,21093,Lutherville Timonium,MD,39.435789,-76.63614,-5,1,"39.435789, -76.63614"
2204132,102354808,North Palm Beach,FL,33408,,,33408,North Palm Beach,FL,26.840684,-80.06312,-5,1,"26.840684, -80.06312"
666914,100673427,Oregon City,OR,97045,,,97045,Oregon City,OR,45.344246,-122.58464,-8,1,"45.344246, -122.58464"
1635600,101824867,Bloomfield,IA,52537,,,52537,Bloomfield,IA,40.73045,-92.44441,-6,1,"40.73045, -92.44441"
1864143,100597606,Tampa,FL,33625,,,33625,Tampa,FL,28.069755,-82.55734,-5,1,"28.069755, -82.55734"
2214000,100636992,Bloomfield Hills,MI,48302,,,48302,Bloomfield Hills,MI,42.5863,-83.29705,-5,1,"42.5863, -83.29705"
1676530,100962117,Marietta,GA,30062,,,30062,Marietta,GA,33.99605,-84.47464,-5,1,"33.99605, -84.47464"
1641820,101827220,Lehi,UT,84043,,,84043,Lehi,UT,40.366648,-111.89052,-7,1,"40.366648, -111.89052"
1668088,100580466,Palatine,IL,60067,,,60067,Palatine,IL,42.10979,-88.04917,-6,1,"42.10979, -88.04917"
1684472,101858175,Louisville,KY,40223,,,40223,Louisville,KY,38.258941,-85.55574,-5,1,"38.258941, -85.55574"
2223261,101840364,Los Angeles,CA,90045,,,90045,Los Angeles,CA,33.960041,-118.3949,-8,1,"33.960041, -118.3949"
2329907,100600376,Winchester,MA,1890,,,1890,Winchester,MA,42.451945,-71.14276,-5,1,"42.451945, -71.14276"
772064,100778577,Chula Vista,CA,91913,,,91913,Chula Vista,CA,32.642486,-116.98973,-8,1,"32.642486, -116.98973"
1527116,100802482,Maryland,MD,,,,,,,,,,,
2321586,100692575,Saint Paul,MN,55121,,,55121,Saint Paul,MN,44.844965,-93.14431,-6,1,"44.844965, -93.14431"
753330,100759843,Warren,NJ,,,,,,,,,,,
1646926,100686905,Chantilly,VA,20151,,,20151,Chantilly,VA,38.889111,-77.4363,-5,1,"38.889111, -77.4363"
1872884,102039562,Fort Washington,MD,20744,,,20744,Fort Washington,MD,38.756347,-76.99034,-5,1,"38.756347, -76.99034"
642160,100648673,Bethesda,MD,20814,,,20814,Bethesda,MD,38.999759,-77.10185,-5,1,"38.999759, -77.10185"
1503729,100791325,Amesbury,MA,1913,,,1913,Amesbury,MA,42.854423,-70.93547,-5,1,"42.854423, -70.93547"
1662111,101841671,Bethesda,MD,20810,,,,,,,,,,
1865030,100705716,Washington,DC,20016,,,20016,Washington,DC,38.94081,-77.08723,-5,1,"38.94081, -77.08723"
1869278,102036617,Columbus,OH,43230,,,43230,Columbus,OH,40.039963,-82.87855,-5,1,"40.039963, -82.87855"
560673,100567186,Watertown,MA,,,,,,,,,,,
632116,100638629,Los Angeles,CA,90063,,,90063,Los Angeles,CA,34.045161,-118.1865,-8,1,"34.045161, -118.1865"
1999516,102162041,Gaithersburg,MD,20878,,,20878,Gaithersburg,MD,39.11755,-77.23548,-5,1,"39.11755, -77.23548"
2127978,102285745,Lawrence,KS,66044,,,66044,Lawrence,KS,38.983551,-95.23202,-6,1,"38.983551, -95.23202"
588197,100594710,Bellmead,TX,28046,,,,,,,,,,
642369,100648882,Omaha,NE,68132,,,68132,Omaha,NE,41.26565,-95.99741,-6,1,"41.26565, -95.99741"
1865497,102034654,Bronx,NY,10467,,,10467,Bronx,NY,40.872265,-73.86937,-5,1,"40.872265, -73.86937"
1869230,102036576,Allen,TX,75013,,,75013,Allen,TX,33.106582,-96.69402,-6,1,"33.106582, -96.69402"
2241796,100977983,Orlando,FL,32826,,,32826,Orlando,FL,28.584177,-81.18634,-5,1,"28.584177, -81.18634"
841779,100848292,Valrico,FL,33594,,,33594,Valrico,FL,27.911226,-82.24508,-5,1,"27.911226, -82.24508"
1662650,100575333,Gastonia,NC,28052,,,28052,Gastonia,NC,35.248787,-81.2142,-5,1,"35.248787, -81.2142"
1678704,101853044,Sandy Hook,CT,6482,,,6482,Sandy Hook,CT,41.411536,-73.24888,-5,1,"41.411536, -73.24888"
1693555,101863786,Ballwin,MO,63021,,,63021,Ballwin,MO,38.576253,-90.53117,-6,1,"38.576253, -90.53117"
2240806,101799204,San Diego,CA,92104,,,92104,San Diego,CA,32.742892,-117.12774,-8,1,"32.742892, -117.12774"
872240,100878753,Frederick,MD,21701,,,21701,Frederick,MD,39.423344,-77.38902,-5,1,"39.423344, -77.38902"
1549703,100706035,Fort Lauderdale,FL,33317,,,33317,Fort Lauderdale,FL,26.113664,-80.22376,-5,1,"26.113664, -80.22376"
2255162,100775914,Marietta,GA,30064,,,30064,Marietta,GA,33.946735,-84.602,-5,1,"33.946735, -84.602"
539653,100546166,Olathe,KS,66062,,,66062,Olathe,KS,38.860511,-94.77581,-6,1,"38.860511, -94.77581"
897647,100904160,Dillsburg,PA,17019,,,17019,Dillsburg,PA,40.093968,-77.02628,-5,1,"40.093968, -77.02628"
2127583,102285372,Selinsgrove,PA,17870,,,17870,Selinsgrove,PA,40.812047,-76.86138,-5,1,"40.812047, -76.86138"
2186864,102339315,Stone Mountain,GA,30087,,,30087,Stone Mountain,GA,33.817438,-84.13167,-5,1,"33.817438, -84.13167"
2239791,100894808,Missoula,MT,59803,,,59803,Missoula,MT,46.790915,-114.00439,-7,1,"46.790915, -114.00439"
2351392,100966546,Washington,DC,20052,,,20052,Washington,DC,38.90014,-77.047899,-5,1,"38.90014, -77.047899"
697803,100704316,Andover,NJ,7821,,,7821,Andover,NJ,40.966308,-74.74298,-5,1,"40.966308, -74.74298"
890552,100897065,Franklin,MI,48025,,,48025,Franklin,MI,42.524134,-83.25454,-5,1,"42.524134, -83.25454"
586778,100593291,Baltimore,OH,43105,,,43105,Baltimore,OH,39.860353,-82.61356,-5,1,"39.860353, -82.61356"
952243,100958756,Gainesville,FL,32612,,,32612,Gainesville,FL,29.681312,-82.353862,-5,1,"29.681312, -82.353862"
962768,100969281,Port Washington,NY,11050,,,11050,Port Washington,NY,40.833246,-73.69309,-5,1,"40.833246, -73.69309"
2134899,102291808,Lancaster,KY,40444,,,40444,Lancaster,KY,37.667083,-84.59496,-5,1,"37.667083, -84.59496"
2184756,101853649,North Potomac,MD,20878,,,20878,Gaithersburg,MD,39.11755,-77.23548,-5,1,"39.11755, -77.23548"
2215369,102344693,Hollyglen,CA,90250,,,90250,Hawthorne,CA,33.914614,-118.35092,-8,1,"33.914614, -118.35092"
1561736,100580692,Woodbury,NJ,8096,,,8096,Woodbury,NJ,39.830313,-75.13221,-5,1,"39.830313, -75.13221"
1869683,102036843,Downers Grove,IL,60515,,,60515,Downers Grove,IL,41.80348,-88.01827,-6,1,"41.80348, -88.01827"
2183843,102329331,Cincinnati,OH,45236,,,45236,Cincinnati,OH,39.205109,-84.39512,-5,1,"39.205109, -84.39512"
2268017,100845921,Philadelphia,PA,19144,,,19144,Philadelphia,PA,40.034111,-75.17203,-5,1,"40.034111, -75.17203"
565793,100572306,Jacksonville,FL,32257,,,32257,Jacksonville,FL,30.192434,-81.60597,-5,1,"30.192434, -81.60597"
714516,100721029,Austin,TX,78733,,,78733,Austin,TX,30.329704,-97.8751,-6,1,"30.329704, -97.8751"
823930,100830443,Winter Park,FL,32792,,,32792,Winter Park,FL,28.607077,-81.30606,-5,1,"28.607077, -81.30606"
1260526,101338555,Moraga,CA,94556,,,94556,Moraga,CA,37.839426,-122.12426,-8,1,"37.839426, -122.12426"
1452582,100594666,North Carolina,NC,,,,,,,,,,,
1865186,101018388,West Harrison,NY,10604,,,10604,West Harrison,NY,41.045387,-73.74451,-5,1,"41.045387, -73.74451"
1866169,102034927,Parkland,FL,33067,,,33067,Pompano Beach,FL,26.3007,-80.22727,-5,1,"26.3007, -80.22727"
2333890,101039835,Aurora,CO,80010,,,80010,Aurora,CO,39.739387,-104.8621,-7,1,"39.739387, -104.8621"
1661262,101841054,Austin,TX,78729,,,78729,Austin,TX,30.451348,-97.76588,-6,1,"30.451348, -97.76588"
1865514,101829002,Tallahassee,FL,32312,,,32312,Tallahassee,FL,30.554434,-84.25979,-5,1,"30.554434, -84.25979"
1917489,100690974,Washington,DC,20037,,,20037,Washington,DC,38.900394,-77.05126,-5,1,"38.900394, -77.05126"
2091712,102251562,Chapel Hill,NC,27514,,,27514,Chapel Hill,NC,35.915083,-79.02939,-5,1,"35.915083, -79.02939"
1667036,101838070,Livingston,NJ,7039,,,7039,Livingston,NJ,40.788733,-74.32134,-5,1,"40.788733, -74.32134"
2269295,100580989,Tempe,AZ,85281,,,85281,Tempe,AZ,33.426885,-111.92733,-7,0,"33.426885, -111.92733"
856088,100862601,Poughkeepsie,NY,12603,,,12603,Poughkeepsie,NY,41.67086,-73.88107,-5,1,"41.67086, -73.88107"
1652735,100808740,Fairfield,CT,6825,,,6825,Bridgeport,CT,41.191685,-73.238012,-5,1,"41.191685, -73.238012"
1867233,102035683,Suwanee,GA,30024,,,30024,Suwanee,GA,34.052698,-84.07485,-5,1,"34.052698, -84.07485"
2103961,102262915,Severna Park,MD,21146,,,21146,Severna Park,MD,39.079059,-76.55784,-5,1,"39.079059, -76.55784"
1678445,101852828,Stillwater,MN,55082,,,55082,Stillwater,MN,45.054551,-92.82581,-6,1,"45.054551, -92.82581"
1873945,102040565,East Amherst,NY,14051,,,14051,East Amherst,NY,43.025217,-78.70394,-5,1,"43.025217, -78.70394"
2208820,101847298,New York,NY,10065,,,,,,,,,,
1669819,101847545,Lexington,NC,27292,,,27292,Lexington,NC,35.775789,-80.23174,-5,1,"35.775789, -80.23174"
767760,100774273,Louisville,KY,40245,,,40245,Louisville,KY,38.270855,-85.48322,-5,1,"38.270855, -85.48322"
843413,100849926,Newton,NC,28658,,,28658,Newton,NC,35.653437,-81.23443,-5,1,"35.653437, -81.23443"
1686860,101859673,Columbia,MD,21045,,,21045,Columbia,MD,39.207523,-76.82527,-5,1,"39.207523, -76.82527"
2259050,100836690,Washington,DC,20016,,,20016,Washington,DC,38.94081,-77.08723,-5,1,"38.94081, -77.08723"
1373782,101435019,,,,,,,,,,,,,
700197,100706710,Golden,CO,80401,,,80401,Golden,CO,39.735745,-105.19337,-7,1,"39.735745, -105.19337"
2095600,102255217,Killingworth,CT,6419,,,6419,Killingworth,CT,41.380594,-72.57637,-5,1,"41.380594, -72.57637"
2340043,102337530,Chelsea,MI,48118,,,48118,Chelsea,MI,42.316922,-84.03445,-5,1,"42.316922, -84.03445"
2119239,102277344,Lakewood,OH,44107,,,44107,Lakewood,OH,41.480881,-81.80036,-5,1,"41.480881, -81.80036"
2221057,101048977,Hendersonville,NC,28739,,,28739,Hendersonville,NC,35.290454,-82.50652,-5,1,"35.290454, -82.50652"
2394370,100918256,Phoenix,AZ,85020,,,85020,Phoenix,AZ,33.563663,-112.05519,-7,0,"33.563663, -112.05519"
870594,100877107,Silver Spring,MD,20901,,,20901,Silver Spring,MD,39.020359,-77.0115,-5,1,"39.020359, -77.0115"
1645900,101831118,Delaware,OH,43015,,,43015,Delaware,OH,40.295925,-83.06968,-5,1,"40.295925, -83.06968"
563056,100569569,Parkton,MD,21120,,,21120,Parkton,MD,39.656737,-76.66001,-5,1,"39.656737, -76.66001"
702869,100709382,Winter Springs,FL,32708,,,32708,Winter Springs,FL,28.683408,-81.28151,-5,1,"28.683408, -81.28151"
785926,100792439,Elmsford,NY,10523,,,10523,Elmsford,NY,41.057089,-73.81658,-5,1,"41.057089, -73.81658"
1109915,101140729,Carlsbad,NM,88220,,,88220,Carlsbad,NM,32.408311,-104.29134,-7,1,"32.408311, -104.29134"
1549319,101597767,Gaithersburg,MD,20882,,,20882,Gaithersburg,MD,39.229652,-77.1594,-5,1,"39.229652, -77.1594"
1647705,101831828,San Anselmo,CA,94960,,,94960,San Anselmo,CA,37.981623,-122.56884,-8,1,"37.981623, -122.56884"
2229184,101647583,Kalamazoo,MI,49006,,,49006,Kalamazoo,MI,42.295005,-85.62247,-5,1,"42.295005, -85.62247"
1666455,100849828,White Salmon,WA,98672,,,98672,White Salmon,WA,45.786727,-121.47523,-8,1,"45.786727, -121.47523"
1682812,101856200,Columbia,SC,29203,,,29203,Columbia,SC,34.066271,-81.02492,-5,1,"34.066271, -81.02492"
1684519,101858205,Westerville,OH,43082,,,43082,Westerville,OH,40.14852,-82.91278,-5,1,"40.14852, -82.91278"
1692138,101841409,Elizabethtown,PA,17022,,,17022,Elizabethtown,PA,40.160793,-76.60763,-5,1,"40.160793, -76.60763"
2145109,102301131,Lilburn,GA,30047,,,30047,Lilburn,GA,33.872371,-84.11655,-5,1,"33.872371, -84.11655"
538477,100544990,Lancaster,CA,93536,,,93536,Lancaster,CA,34.728857,-118.32683,-8,1,"34.728857, -118.32683"
1457634,100928790,,,0,,,,,,,,,,
1664441,101827281,Kissimmee,FL,34746,,,34746,Kissimmee,FL,28.287883,-81.46862,-5,1,"28.287883, -81.46862"
1869201,102036549,Bloomington,IN,47406,,,47406,Bloomington,IN,39.173597,-86.51676,-5,0,"39.173597, -86.51676"
2114140,102272441,New York,NY,10001,,,10001,New York,NY,40.750742,-73.99653,-5,1,"40.750742, -73.99653"
2304502,100704037,Rockville,MD,20852,,,20852,Rockville,MD,39.0509,-77.12261,-5,1,"39.0509, -77.12261"
2337866,100757360,New York,NY,10028,,,10028,New York,NY,40.776777,-73.9541,-5,1,"40.776777, -73.9541"
2342512,100920306,Boulder,CO,80302,,,80302,Boulder,CO,40.020885,-105.29673,-7,1,"40.020885, -105.29673"
540584,100547097,Coral Springs,FL,33071,,,33071,Pompano Beach,FL,26.242559,-80.26564,-5,1,"26.242559, -80.26564"
944153,100950666,Norton,MA,2766,,,2766,Norton,MA,41.969185,-71.1854,-5,1,"41.969185, -71.1854"
1645879,100767439,Roswell,GA,30009,,,30009,Alpharetta,GA,33.844371,-84.47405,-5,1,"33.844371, -84.47405"
1688937,101860621,Sacramento,CA,95821,,,95821,Sacramento,CA,38.623304,-121.38181,-8,1,"38.623304, -121.38181"
1693487,101863604,Verona,WI,53593,,,53593,Verona,WI,42.988593,-89.55543,-6,1,"42.988593, -89.55543"
2126104,102283962,Bala Cynwyd,PA,19004,,,19004,Bala Cynwyd,PA,40.012862,-75.23309,-5,1,"40.012862, -75.23309"
568747,100575260,Oakland,CA,94618,,,94618,Oakland,CA,37.843726,-122.24369,-8,1,"37.843726, -122.24369"
666771,100673284,Midlothian,VA,23113,,,23113,Midlothian,VA,37.51338,-77.64165,-5,1,"37.51338, -77.64165"
790581,100797094,Drexel Hill,PA,19026,,,19026,Drexel Hill,PA,39.949962,-75.30184,-5,1,"39.949962, -75.30184"
1661272,101841454,Frisco,TX,75035,,,75035,Frisco,TX,33.130086,-96.78177,-6,1,"33.130086, -96.78177"
1662876,101842723,Sylvania,OH,43560,,,43560,Sylvania,OH,41.706383,-83.7102,-5,1,"41.706383, -83.7102"
1692023,101862408,Tempe,AZ,85283,,,85283,Tempe,AZ,33.365951,-111.93155,-7,0,"33.365951, -111.93155"
2342912,102077537,Westfield,MA,1085,,,1085,Westfield,MA,42.133642,-72.75029,-5,1,"42.133642, -72.75029"
553443,100559956,Albuquerque,NM,87109,,,87109,Albuquerque,NM,35.155811,-106.56662,-7,1,"35.155811, -106.56662"
559209,100565722,Ladera Ranch,CA,92694,,,92694,Ladera Ranch,CA,33.570763,-117.63463,-8,1,"33.570763, -117.63463"
1144226,100706678,Ohio,OH,,,,,,,,,,,
2265310,100800052,Pompano Beach,FL,33069,,,33069,Pompano Beach,FL,26.22876,-80.15816,-5,1,"26.22876, -80.15816"
931800,100938313,Charles Town,WV,25414,,,25414,Charles Town,WV,39.279965,-77.86203,-5,1,"39.279965, -77.86203"
2021634,102183692,Miami,FL,33196,,,33196,Miami,FL,25.650232,-80.45925,-5,1,"25.650232, -80.45925"
651326,100657839,Barboursville,WV,25504,,,25504,Barboursville,WV,38.391209,-82.28563,-5,1,"38.391209, -82.28563"
1633119,100560548,Newtown,CT,6470,,,6470,Newtown,CT,41.398462,-73.31474,-5,1,"41.398462, -73.31474"
1633998,100827813,Louisville,KY,40206,,,40206,Louisville,KY,38.254671,-85.70254,-5,1,"38.254671, -85.70254"
2003922,102166351,New York,NY,10128,,,10128,New York,NY,40.781894,-73.95039,-5,1,"40.781894, -73.95039"
644150,100650663,Austin,TX,78732,,,78732,Austin,TX,30.382724,-97.89459,-6,1,"30.382724, -97.89459"
819700,100826213,Arlington Heights,IL,60004,,,60004,Arlington Heights,IL,42.108428,-87.97723,-6,1,"42.108428, -87.97723"
960306,100966819,Fort Lauderdale,FL,33308,,,33308,Fort Lauderdale,FL,26.191111,-80.10846,-5,1,"26.191111, -80.10846"
1655479,101838450,Waxahachie,TX,75165,,,75165,Waxahachie,TX,32.397024,-96.83283,-6,1,"32.397024, -96.83283"
2255146,102271104,Toledo,OH,43623,,,43623,Toledo,OH,41.707649,-83.64363,-5,1,"41.707649, -83.64363"
838712,100845225,Olivet,MI,49076,,,49076,Olivet,MI,42.439324,-84.91041,-5,1,"42.439324, -84.91041"
1678160,101841212,Blacklick,OH,43004,,,43004,Blacklick,OH,39.998073,-82.8052,-5,1,"39.998073, -82.8052"
1862745,102032803,Glen Allen,VA,23059,,,23059,Glen Allen,VA,37.686152,-77.53651,-5,1,"37.686152, -77.53651"
2348029,102270200,Santa Monica,CA,90403,,,90403,Santa Monica,CA,34.032159,-118.49022,-8,1,"34.032159, -118.49022"
2351071,100560063,Medina,TN,38355,,,38355,Medina,TN,35.795399,-88.77185,-6,1,"35.795399, -88.77185"
1548340,100774412,Howell,NJ,7731,,,7731,Howell,NJ,40.146597,-74.20815,-5,1,"40.146597, -74.20815"
1659725,101836886,Sherman Oaks,CA,91423,,,91423,Sherman Oaks,CA,34.153628,-118.43222,-8,1,"34.153628, -118.43222"
2292888,100936917,Pasadena,CA,91105,,,91105,Pasadena,CA,34.137857,-118.16329,-8,1,"34.137857, -118.16329"
829821,100836334,Holtwood,PA,17532,,,17532,Holtwood,PA,39.859296,-76.28548,-5,1,"39.859296, -76.28548"
834051,100840564,Medford,MA,,,,,,,,,,,
1655667,101838629,Littleton,CO,80126,,,80126,Littleton,CO,39.544549,-104.96808,-7,1,"39.544549, -104.96808"
2065607,102226759,Oaklyn,NJ,8107,,,8107,Oaklyn,NJ,39.908163,-75.08618,-5,1,"39.908163, -75.08618"
560745,100567258,Muskogee,OK,74403,,,74403,Muskogee,OK,35.719962,-95.33691,-6,1,"35.719962, -95.33691"
1645916,101831137,Bowling Green,KY,42101,,,42101,Bowling Green,KY,37.010643,-86.46145,-6,1,"37.010643, -86.46145"
1675555,101850400,Madison,WI,53704,,,53704,Madison,WI,43.121416,-89.34968,-6,1,"43.121416, -89.34968"
2237121,102212492,East Lansing,MI,48823,,,48823,East Lansing,MI,42.747922,-84.47143,-5,1,"42.747922, -84.47143"
762619,100769132,Greensboro,NC,27410,,,27410,Greensboro,NC,36.116854,-79.88291,-5,1,"36.116854, -79.88291"
2245876,101782565,Seattle,WA,98166,,,98166,Seattle,WA,47.458821,-122.34943,-8,1,"47.458821, -122.34943"
1337766,100607674,Missouri,MO,,,,,,,,,,,
1627612,101659137,,,,,,,,,,,,,
2187643,102340055,South Hadley,MA,1075,,,1075,South Hadley,MA,42.234891,-72.58243,-5,1,"42.234891, -72.58243"
2229518,100576057,Durham,NC,27707,,,27707,Durham,NC,35.963994,-78.93602,-5,1,"35.963994, -78.93602"
2246236,101027120,Miami,FL,33166,,,33166,Miami,FL,25.824725,-80.30476,-5,1,"25.824725, -80.30476"
2263205,101503569,Washington,DC,20007,,,20007,Washington,DC,38.913961,-77.07179,-5,1,"38.913961, -77.07179"
2121130,102279168,Plainview,NY,11803,,,11803,Plainview,NY,40.779911,-73.47948,-5,1,"40.779911, -73.47948"
2243319,102281617,West Jordan,UT,84081,,,,,,,,,,
1660808,101841118,Scottsdale,AZ,85250,,,85250,Scottsdale,AZ,33.521433,-111.90944,-7,0,"33.521433, -111.90944"
1918948,102083509,Libertyville,IL,60048,,,60048,Libertyville,IL,42.290922,-87.95169,-6,1,"42.290922, -87.95169"
661326,100667839,Los Angeles,CA,90044,,,90044,Los Angeles,CA,33.953814,-118.29158,-8,1,"33.953814, -118.29158"
768432,100774945,Saint Ignatius,MT,59865,,,59865,Saint Ignatius,MT,47.317264,-114.04402,-7,1,"47.317264, -114.04402"
912297,100918810,Pembroke Pines,FL,33026,,,33026,Hollywood,FL,26.0267,-80.29443,-5,1,"26.0267, -80.29443"
2198780,102349789,Greenwood,MS,38930,,,38930,Greenwood,MS,33.528734,-90.17663,-6,1,"33.528734, -90.17663"
872080,100878593,Tampa,FL,33624,,,33624,Tampa,FL,28.07506,-82.52355,-5,1,"28.07506, -82.52355"
1867177,102035630,Milford,CT,6460,,,6460,Milford,CT,41.21953,-73.0554,-5,1,"41.21953, -73.0554"
1949808,102113457,Benton Harbor,MI,49022,,,49022,Benton Harbor,MI,42.10809,-86.41801,-5,1,"42.10809, -86.41801"
738945,100745458,Gaithersburg,MD,20878,,,20878,Gaithersburg,MD,39.11755,-77.23548,-5,1,"39.11755, -77.23548"
905390,100911903,Fort Worth,TX,76133,,,76133,Fort Worth,TX,32.655401,-97.37765,-6,1,"32.655401, -97.37765"
1548471,101551259,Boca Raton,FL,33428,,,33428,Boca Raton,FL,26.348354,-80.21841,-5,1,"26.348354, -80.21841"
1691657,101862163,Selah,WA,98942,,,98942,Selah,WA,46.726395,-120.56997,-8,1,"46.726395, -120.56997"
2185497,102338192,Mcfarland,WI,53558,,,53558,McFarland,WI,43.015498,-89.28954,-6,1,"43.015498, -89.28954"
2333955,101843468,Lincoln Park,MI,48146,,,48146,Lincoln Park,MI,42.243488,-83.18097,-5,1,"42.243488, -83.18097"
920266,100926779,Bridgeville,PA,15017,,,15017,Bridgeville,PA,40.351802,-80.11534,-5,1,"40.351802, -80.11534"
1679382,101853522,New Castle,PA,16101,,,16101,New Castle,PA,40.992023,-80.32747,-5,1,"40.992023, -80.32747"
1876896,102043388,Dallas,GA,30132,,,30132,Dallas,GA,33.945735,-84.84463,-5,1,"33.945735, -84.84463"
2127077,102035936,Greensboro,NC,27401,,,27401,Greensboro,NC,36.071135,-79.77468,-5,1,"36.071135, -79.77468"
686791,100693304,Greenville,SC,29609,,,29609,Greenville,SC,34.889217,-82.39364,-5,1,"34.889217, -82.39364"
907084,100913597,Normal,IL,61761,,,61761,Normal,IL,40.515485,-88.98629,-6,1,"40.515485, -88.98629"
1836612,102006707,Huntington Woods,MI,48070,,,48070,Huntington Woods,MI,42.482585,-83.16812,-5,1,"42.482585, -83.16812"
1869697,102036853,Lilburn,GA,30047,,,30047,Lilburn,GA,33.872371,-84.11655,-5,1,"33.872371, -84.11655"
2164793,102317035,Albuquerque,NM,87106,,,87106,Albuquerque,NM,35.078246,-106.61747,-7,1,"35.078246, -106.61747"
920179,100926692,Walkersville,MD,21793,,,21793,Walkersville,MD,39.484843,-77.34668,-5,1,"39.484843, -77.34668"
691327,100697840,Lowell,MI,49331,,,49331,Lowell,MI,42.944838,-85.34928,-5,1,"42.944838, -85.34928"
1864309,102033704,Verona,WI,53593,,,53593,Verona,WI,42.988593,-89.55543,-6,1,"42.988593, -89.55543"
854581,100861094,Dayton,OH,45420,,,45420,Dayton,OH,39.723909,-84.13453,-5,1,"39.723909, -84.13453"
1864732,102034052,Ventura,CA,93004,,,93004,Ventura,CA,34.278812,-119.16784,-8,1,"34.278812, -119.16784"
2342603,101018428,Semmes,AL,36575,,,36575,Semmes,AL,30.76635,-88.26553,-6,1,"30.76635, -88.26553"
2305861,101725646,Flint,MI,48507,,,48507,Flint,MI,42.973263,-83.70142,-5,1,"42.973263, -83.70142"
662926,100669439,Vienna,VA,22182,,,22182,Vienna,VA,38.922478,-77.2566,-5,1,"38.922478, -77.2566"
930706,100937219,Putnam,CT,,,,,,,,,,,
1431629,100759718,,,,,,,,,,,,,
2136703,102293611,Watsonville,CA,95076,,,95076,Watsonville,CA,36.922902,-121.77224,-8,1,"36.922902, -121.77224"
2207037,100973632,Orlando,FL,32822,,,32822,Orlando,FL,28.494931,-81.28949,-5,1,"28.494931, -81.28949"
2236872,100922896,Orwell,OH,44076,,,44076,Orwell,OH,41.535437,-80.83514,-5,1,"41.535437, -80.83514"
2399841,101834067,North Bethesda,MD,20852,,,20852,Rockville,MD,39.0509,-77.12261,-5,1,"39.0509, -77.12261"
764835,100771348,South Portland,ME,4106,,,4106,South Portland,ME,43.631549,-70.27272,-5,1,"43.631549, -70.27272"
1667771,101001588,Alexandria,VA,22306,,,22306,Alexandria,VA,38.757214,-77.08666,-5,1,"38.757214, -77.08666"
1876202,102042720,Pleasanton,CA,94588,,,94588,Pleasanton,CA,37.68973,-121.89244,-8,1,"37.68973, -121.89244"
2216346,102136907,Saugerties,NY,12477,,,12477,Saugerties,NY,42.085634,-73.97685,-5,1,"42.085634, -73.97685"
2250132,101842933,Mountain View,CA,94040,,,94040,Mountain View,CA,37.380207,-122.08787,-8,1,"37.380207, -122.08787"
2289834,100971331,Washington,DC,20005,,,20005,Washington,DC,38.904461,-77.03088,-5,1,"38.904461, -77.03088"
2328986,100591472,Anoka,MN,55303,,,55303,Anoka,MN,45.247509,-93.418,-6,1,"45.247509, -93.418"
2355961,100923804,Austin,TX,78717,,,78717,Austin,TX,30.494623,-97.75687,-6,1,"30.494623, -97.75687"
1693451,100821462,Collierville,TN,38017,,,38017,Collierville,TN,35.057224,-89.67417,-6,1,"35.057224, -89.67417"
1870736,102037582,Medina,OH,44256,,,44256,Medina,OH,41.139849,-81.85646,-5,1,"41.139849, -81.85646"
717441,100723954,Leesburg,VA,20176,,,20176,Leesburg,VA,39.138978,-77.54519,-5,1,"39.138978, -77.54519"
1650762,101834015,Godfrey,IL,62035,,,62035,Godfrey,IL,38.947841,-90.2216,-6,1,"38.947841, -90.2216"
1654343,100878943,Coral Springs,FL,33076,,,33076,Pompano Beach,FL,26.30116,-80.2731,-5,1,"26.30116, -80.2731"
1671247,100782841,Bedford,MA,1730,,,1730,Bedford,MA,42.496679,-71.27504,-5,1,"42.496679, -71.27504"
2230615,100547452,Chicago,IL,60622,,,60622,Chicago,IL,41.900332,-87.66927,-6,1,"41.900332, -87.66927"
551476,100557989,Manheim,PA,17545,,,17545,Manheim,PA,40.168294,-76.4123,-5,1,"40.168294, -76.4123"
851934,100858447,Sellersburg,IN,47172,,,47172,Sellersburg,IN,38.387722,-85.75936,-5,1,"38.387722, -85.75936"
2183724,100865471,Wheat Ridge,CO,80215,,,80215,Denver,CO,39.744437,-105.10441,-7,1,"39.744437, -105.10441"
2232941,100874626,Syracuse,NY,13210,,,13210,Syracuse,NY,43.037166,-76.12653,-5,1,"43.037166, -76.12653"
2243413,100766248,Columbus,OH,43201,,,43201,Columbus,OH,39.990764,-83.00117,-5,1,"39.990764, -83.00117"
2312111,101678784,Miami,FL,33132,,,33132,Miami,FL,25.784326,-80.18753,-5,1,"25.784326, -80.18753"
2344057,100627575,Tallahassee,FL,32304,,,32304,Tallahassee,FL,30.446766,-84.32394,-5,1,"30.446766, -84.32394"
2364419,100544612,Laguna Beach,CA,92651,,,92651,Laguna Beach,CA,33.535325,-117.77192,-8,1,"33.535325, -117.77192"
554061,100560574,Laurel,MD,20707,,,20707,Laurel,MD,39.098475,-76.86571,-5,1,"39.098475, -76.86571"
619742,100626255,Ashburn,VA,20148,,,20148,Ashburn,VA,39.020637,-77.52276,-5,1,"39.020637, -77.52276"
2246537,100806542,Fairfax,VA,22031,,,22031,Fairfax,VA,38.859675,-77.26167,-5,1,"38.859675, -77.26167"
2249628,100574707,Rapid City,SD,57701,,,57701,Rapid City,SD,44.085288,-103.21335,-7,1,"44.085288, -103.21335"
2396539,100755467,Minneapolis,MN,55414,,,55414,Minneapolis,MN,44.980379,-93.23003,-6,1,"44.980379, -93.23003"
736743,100743256,Holland,OH,43528,,,43528,Holland,OH,41.626651,-83.73047,-5,1,"41.626651, -83.73047"
1263428,100565644,California,CA,,,,,,,,,,,
1627195,100668245,,,,,,,,,,,,,
1673213,101848489,Houston,TX,77096,,,77096,Houston,TX,29.674336,-95.48123,-6,1,"29.674336, -95.48123"
1684385,101858100,Houston,TX,77004,,,77004,Houston,TX,29.728779,-95.3657,-6,1,"29.728779, -95.3657"
1888540,102054720,Chicago,IL,60625,,,60625,Chicago,IL,41.971614,-87.70256,-6,1,"41.971614, -87.70256"
2347999,101840495,Madison,WI,53713,,,53713,Madison,WI,43.037647,-89.39154,-6,1,"43.037647, -89.39154"
859113,100865626,Franklin,TN,37069,,,37069,Franklin,TN,35.97706,-86.89653,-6,1,"35.97706, -86.89653"
963601,100970114,Hyattsville,MD,20783,,,20783,Hyattsville,MD,38.98941,-76.97294,-5,1,"38.98941, -76.97294"
1063834,100786050,Madison,CT,6443,,,6443,Madison,CT,41.298648,-72.60938,-5,1,"41.298648, -72.60938"
1169031,100817546,Virgilina,VA,,,,,,,,,,,
1645133,101829901,Portsmouth,NH,3801,,,3801,Portsmouth,NH,43.070188,-70.77684,-5,1,"43.070188, -70.77684"
1663970,101843925,Brooklyn,NY,11236,,,11236,Brooklyn,NY,40.640527,-73.90362,-5,1,"40.640527, -73.90362"
2166376,101827058,Tucson,AZ,85749,,,85749,Tucson,AZ,32.299275,-110.74419,-7,0,"32.299275, -110.74419"
2216072,102288632,Richmond,VA,23233,,,23233,Richmond,VA,37.622465,-77.61965,-5,1,"37.622465, -77.61965"
2347250,101834338,Washington,DC,20016,,,20016,Washington,DC,38.94081,-77.08723,-5,1,"38.94081, -77.08723"
940789,100947302,Silver Spring,MD,20910,,,20910,Silver Spring,MD,38.999992,-77.03404,-5,1,"38.999992, -77.03404"
1438933,101514115,Beardstown,IL,62618,,,62618,Beardstown,IL,40.005505,-90.42314,-6,1,"40.005505, -90.42314"
1666136,101842585,Houston,TX,,,,,,,,,,,
1873966,102040583,Cape Coral,FL,33990,,,33990,Cape Coral,FL,26.63075,-81.95251,-5,1,"26.63075, -81.95251"
2108707,102267254,Buffalo Grove,IL,60089,,,60089,Buffalo Grove,IL,42.167638,-87.96393,-6,1,"42.167638, -87.96393"
2315174,102273841,Beverly Hills,CA,90211,,,90211,Beverly Hills,CA,34.066009,-118.38271,-8,1,"34.066009, -118.38271"
652879,100659392,Oklahoma City,OK,73105,,,73105,Oklahoma City,OK,35.509659,-97.50211,-6,1,"35.509659, -97.50211"
955817,100962330,Downers Grove,IL,60515,,,60515,Downers Grove,IL,41.80348,-88.01827,-6,1,"41.80348, -88.01827"
1636199,101464714,Washington,DC,20003,,,20003,Washington,DC,38.881762,-76.99447,-5,1,"38.881762, -76.99447"
1677301,101851857,Boxborough,MA,1719,,,1719,Boxborough,MA,42.486259,-71.51244,-5,1,"42.486259, -71.51244"
2233930,102292834,Adams,MA,1220,,,1220,Adams,MA,42.619727,-73.11842,-5,1,"42.619727, -73.11842"
2265524,102057482,Rockledge,FL,32955,,,32955,Rockledge,FL,28.308581,-80.72558,-5,1,"28.308581, -80.72558"
538764,100545277,Littleton,CO,80127,,,80127,Littleton,CO,39.599755,-105.13052,-7,1,"39.599755, -105.13052"
931310,100937823,Paige,TX,78659,,,78659,Paige,TX,30.210685,-97.11662,-6,1,"30.210685, -97.11662"
1644010,100969971,Tallahassee,FL,32304,,,32304,Tallahassee,FL,30.446766,-84.32394,-5,1,"30.446766, -84.32394"
2173774,101843100,West Dennis,MA,2670,,,2670,West Dennis,MA,41.659749,-70.17089,-5,1,"41.659749, -70.17089"
2231356,100849346,New York,NY,10010,,,10010,New York,NY,40.739022,-73.98205,-5,1,"40.739022, -73.98205"
829142,100835655,Commack,NY,11725,,,11725,Commack,NY,40.841522,-73.28001,-5,1,"40.841522, -73.28001"
876093,100882606,Charlotte,NC,28227,,,28227,Charlotte,NC,35.192919,-80.66822,-5,1,"35.192919, -80.66822"
963455,100969968,Germantown,MD,20874,,,20874,Germantown,MD,39.169859,-77.27564,-5,1,"39.169859, -77.27564"
1647076,101832315,Grand Rapids,MI,49507,,,49507,Grand Rapids,MI,42.933077,-85.65435,-5,1,"42.933077, -85.65435"
1672454,100654663,Charlotte,NC,28262,,,28262,Charlotte,NC,35.321279,-80.7405,-5,1,"35.321279, -80.7405"
1963779,100991471,Woodcliff Lake,NJ,7677,,,7677,Woodcliff Lake,NJ,41.025101,-74.059762,-5,1,"41.025101, -74.059762"
626516,100633029,Baton Rouge,LA,70806,,,70806,Baton Rouge,LA,30.44495,-91.13806,-6,1,"30.44495, -91.13806"
2187092,100943635,Clemson,SC,29631,,,29631,Clemson,SC,34.681255,-82.82176,-5,1,"34.681255, -82.82176"
589777,100596290,Tarzana,CA,91356,,,91356,Tarzana,CA,34.164255,-118.54472,-8,1,"34.164255, -118.54472"
1668139,101846304,Marietta,GA,30062,,,30062,Marietta,GA,33.99605,-84.47464,-5,1,"33.99605, -84.47464"
1692348,101862693,Los Altos,CA,94022,,,94022,Los Altos,CA,37.37714,-122.12412,-8,1,"37.37714, -122.12412"
2198487,102349595,Elkin,NC,28621,,,28621,Elkin,NC,36.283497,-80.84586,-5,1,"36.283497, -80.84586"
2394202,100584038,Austin,TX,78759,,,78759,Austin,TX,30.406169,-97.75743,-6,1,"30.406169, -97.75743"
534276,100540789,Indianapolis,IN,46202,,,46202,Indianapolis,IN,39.782842,-86.15673,-5,0,"39.782842, -86.15673"
913955,100920468,Catawissa,MO,63015,,,63015,Catawissa,MO,38.401406,-90.74276,-6,1,"38.401406, -90.74276"
572035,100578548,Forestville,CA,95436,,,95436,Forestville,CA,38.495857,-122.90636,-8,1,"38.495857, -122.90636"
923659,100930172,Terrell,TX,75160,,,75160,Terrell,TX,32.747747,-96.28923,-6,1,"32.747747, -96.28923"
1646683,100962622,Asheville,NC,28804,,,28804,Asheville,NC,35.635844,-82.55992,-5,1,"35.635844, -82.55992"
1909369,102074688,Bristol,VA,24202,,,24202,Bristol,VA,36.645419,-82.18137,-5,1,"36.645419, -82.18137"
2225092,101858858,Delaware,OH,43015,,,43015,Delaware,OH,40.295925,-83.06968,-5,1,"40.295925, -83.06968"
2330336,101057980,Waverly Hall,GA,31831,,,31831,Waverly Hall,GA,32.698622,-84.71552,-5,1,"32.698622, -84.71552"
781329,100787842,Baltimore,MD,21206,,,21206,Baltimore,MD,39.341107,-76.54085,-5,1,"39.341107, -76.54085"
878570,100885083,Jacksonville,FL,32246,,,32246,Jacksonville,FL,30.296911,-81.52228,-5,1,"30.296911, -81.52228"
2032730,102194538,Eugene,OR,97403,,,97403,Eugene,OR,44.03858,-123.05562,-8,1,"44.03858, -123.05562"
969076,100975589,Syracuse,NY,13212,,,13212,Syracuse,NY,43.128534,-76.13931,-5,1,"43.128534, -76.13931"
1666056,101845145,Tucson,AZ,85718,,,85718,Tucson,AZ,32.31346,-110.92282,-7,0,"32.31346, -110.92282"
2186786,102339229,Lilburn,GA,30047,,,30047,Lilburn,GA,33.872371,-84.11655,-5,1,"33.872371, -84.11655"
545482,100551995,Almont,MI,48003,,,48003,Almont,MI,42.931178,-83.04585,-5,1,"42.931178, -83.04585"
2300470,100825455,Oklahoma City,OK,73134,,,73134,Oklahoma City,OK,35.612359,-97.57152,-6,1,"35.612359, -97.57152"
926855,100933368,Virginia Beach,VA,23452,,,23452,Virginia Beach,VA,36.839209,-76.09333,-5,1,"36.839209, -76.09333"
1895836,100839663,College Park,MD,20742,,,20742,College Park,MD,38.833563,-76.877743,-5,1,"38.833563, -76.877743"
2053040,102214435,Cumming,GA,30041,,,30041,Cumming,GA,34.201503,-84.09764,-5,1,"34.201503, -84.09764"
735354,100741867,Amory,MS,38821,,,38821,Amory,MS,33.988235,-88.46783,-6,1,"33.988235, -88.46783"
547565,100554078,Clearwater,FL,33761,,,33761,Clearwater,FL,28.032827,-82.72596,-5,1,"28.032827, -82.72596"
556894,100563407,Cambridge,MA,,,,,,,,,,,
1661186,101841394,Crestwood,IL,60418,,,,,,,,,,
1683597,101857430,Madison,WI,53705,,,53705,Madison,WI,43.073395,-89.45049,-6,1,"43.073395, -89.45049"
2184450,101863920,Madison,WI,53704,,,53704,Madison,WI,43.121416,-89.34968,-6,1,"43.121416, -89.34968"
2342990,101785628,Johnson City,TN,37614,,,37614,Johnson City,TN,36.302479,-82.36984,-5,1,"36.302479, -82.36984"
1641619,100670995,Tucson,AZ,85721,,,85721,Tucson,AZ,32.233761,-110.949996,-7,0,"32.233761, -110.949996"
1685258,101858790,Grosse Pointe,MI,48230,,,48230,Grosse Pointe,MI,42.386087,-82.92426,-5,1,"42.386087, -82.92426"
2212122,102339583,Palmetto Bay,FL,33157,,,33157,Miami,FL,25.606583,-80.34859,-5,1,"25.606583, -80.34859"
1873931,102040551,Ozone Park,NY,11416,,,11416,Ozone Park,NY,40.683301,-73.8503,-5,1,"40.683301, -73.8503"
2184033,102329503,Cumberland,MD,21502,,,21502,Cumberland,MD,39.646587,-78.77398,-5,1,"39.646587, -78.77398"
1657864,101839614,Soledad,CA,93960,,,93960,Soledad,CA,36.41176,-121.32617,-8,1,"36.41176, -121.32617"
2090377,102250267,West Bend,WI,53095,,,53095,West Bend,WI,43.40328,-88.18026,-6,1,"43.40328, -88.18026"
2132985,102289926,Brighton,MI,48116,,,48116,Brighton,MI,42.509476,-83.77718,-5,1,"42.509476, -83.77718"
842206,100848719,Baldwin Park,CA,91706,,,91706,Baldwin Park,CA,34.087108,-117.96966,-8,1,"34.087108, -117.96966"
1913596,102078591,Cranford,NJ,7016,,,7016,Cranford,NJ,40.656302,-74.30371,-5,1,"40.656302, -74.30371"
2184428,102329790,Madison,WI,53704,,,53704,Madison,WI,43.121416,-89.34968,-6,1,"43.121416, -89.34968"
762734,100769247,El Paso,TX,79922,,,79922,El Paso,NM,31.789109,-106.54291,-7,1,"31.789109, -106.54291"
564917,100571430,Phoenix,AZ,85027,,,85027,Phoenix,AZ,33.698731,-112.11429,-7,0,"33.698731, -112.11429"
566450,100572963,Glen Cove,NY,11542,,,11542,Glen Cove,NY,40.864757,-73.62609,-5,1,"40.864757, -73.62609"
809433,100815946,Oley,PA,19547,,,19547,Oley,PA,40.385143,-75.76372,-5,1,"40.385143, -75.76372"
934145,100940658,Austin,TX,78717,,,78717,Austin,TX,30.494623,-97.75687,-6,1,"30.494623, -97.75687"
1870042,102037151,Downers Grove,IL,60515,,,60515,Downers Grove,IL,41.80348,-88.01827,-6,1,"41.80348, -88.01827"
1870305,102037373,Glendale,CA,91201,,,91201,Glendale,CA,34.17013,-118.29158,-8,1,"34.17013, -118.29158"
2197789,102349261,Exton,PA,19341,,,19341,Exton,PA,40.040505,-75.63425,-5,1,"40.040505, -75.63425"
2293967,100690381,Miami,FL,33194,,,33194,Miami,FL,25.745549,-80.4651,-5,1,"25.745549, -80.4651"
750222,100756735,Justin,TX,76247,,,76247,Justin,TX,33.08704,-97.30384,-6,1,"33.08704, -97.30384"
902611,100909124,Norton,MA,,,,,,,,,,,
1310030,100868952,Pennsylvania,PA,,,,,,,,,,,
1649312,100753683,Cantonment,FL,32533,,,32533,Cantonment,FL,30.600993,-87.31979,-6,1,"30.600993, -87.31979"
1862692,101864133,Troy,MI,48098,,,48098,Troy,MI,42.599133,-83.15235,-5,1,"42.599133, -83.15235"
2305309,101789681,Land O Lakes,FL,34638,,,,,,,,,,
2397140,101833865,Austin,TX,78753,,,78753,Austin,TX,30.374654,-97.67621,-6,1,"30.374654, -97.67621"
717706,100724219,Philadelphia,PA,19133,,,19133,Philadelphia,PA,39.992862,-75.14054,-5,1,"39.992862, -75.14054"
831406,100837919,San Antonio,TX,78259,,,78259,San Antonio,TX,29.627332,-98.42781,-6,1,"29.627332, -98.42781"
1657349,101825732,Washington,DC,20052,,,20052,Washington,DC,38.90014,-77.047899,-5,1,"38.90014, -77.047899"
1867684,100814305,Pinehurst,NC,28374,,,28374,Pinehurst,NC,35.195417,-79.46496,-5,1,"35.195417, -79.46496"
1994419,102157043,Saint Augustine,FL,32092,,,32092,Saint Augustine,FL,29.955409,-81.51284,-5,1,"29.955409, -81.51284"
2012491,102174730,Wichita,KS,67217,,,67217,Wichita,KS,37.62421,-97.36312,-6,1,"37.62421, -97.36312"
628653,100635166,Lutz,FL,33549,,,33549,Lutz,FL,28.142694,-82.46629,-5,1,"28.142694, -82.46629"
848894,100855407,Eugene,OR,97403,,,97403,Eugene,OR,44.03858,-123.05562,-8,1,"44.03858, -123.05562"
1541505,101575558,Menasha,WI,54952,,,54952,Menasha,WI,44.212448,-88.40959,-6,1,"44.212448, -88.40959"
1656811,101838992,Washington,DC,20012,,,20012,Washington,DC,38.97808,-77.02858,-5,1,"38.97808, -77.02858"
1656825,101838375,East Sandwich,MA,2537,,,2537,East Sandwich,MA,41.733837,-70.43754,-5,1,"41.733837, -70.43754"
1676489,101826201,Washington,DC,20016,,,20016,Washington,DC,38.94081,-77.08723,-5,1,"38.94081, -77.08723"
2135094,102292018,San Antonio,TX,78210,,,78210,San Antonio,TX,29.397934,-98.46669,-6,1,"29.397934, -98.46669"
2248057,100885377,Omaha,NE,68127,,,68127,Omaha,NE,41.203029,-96.05009,-6,1,"41.203029, -96.05009"
2233418,101827068,Surprise,AZ,85379,,,85379,Surprise,AZ,33.616888,-112.40158,-7,0,"33.616888, -112.40158"
1644605,101829450,Broomfield,CO,80020,,,80020,Broomfield,CO,39.93404,-105.05454,-7,1,"39.93404, -105.05454"
1664969,100656163,San Antonio,TX,78209,,,78209,San Antonio,TX,29.48618,-98.4568,-6,1,"29.48618, -98.4568"
620770,100627283,Pompano Beach,FL,33076,,,33076,Pompano Beach,FL,26.30116,-80.2731,-5,1,"26.30116, -80.2731"
918073,100924586,Phoenix,MD,21131,,,21131,Phoenix,MD,39.504706,-76.57112,-5,1,"39.504706, -76.57112"
1276743,100718950,New Jersey,NJ,,,,,,,,,,,
1657060,100697560,Lyndhurst,NJ,7071,,,7071,Lyndhurst,NJ,40.808416,-74.12111,-5,1,"40.808416, -74.12111"
1668355,101845009,Fort Gratiot,MI,48059,,,48059,Fort Gratiot,MI,43.088742,-82.48614,-5,1,"43.088742, -82.48614"
2174356,101827568,Clearwater,FL,33759,,,33759,Clearwater,FL,27.980297,-82.71645,-5,1,"27.980297, -82.71645"
2215428,101519229,Tamarac,FL,33319,,,33319,Fort Lauderdale,FL,26.183628,-80.22122,-5,1,"26.183628, -80.22122"
1686264,100673573,Knoxville,TN,37922,,,37922,Knoxville,TN,35.875925,-84.12608,-5,1,"35.875925, -84.12608"
545218,100551731,Pendleton,SC,29670,,,29670,Pendleton,SC,34.641851,-82.76668,-5,1,"34.641851, -82.76668"
1652810,101836470,Allen,TX,75013,,,75013,Allen,TX,33.106582,-96.69402,-6,1,"33.106582, -96.69402"
1679721,100602978,Auburn,MA,1501,,,1501,Auburn,MA,42.20361,-71.83843,-5,1,"42.20361, -71.83843"
1687505,100584945,Prairieville,LA,70769,,,70769,Prairieville,LA,30.31144,-90.93955,-6,1,"30.31144, -90.93955"
2302589,100738180,Chicago,IL,60614,,,60614,Chicago,IL,41.922682,-87.65432,-6,1,"41.922682, -87.65432"
579868,100586381,Georgetown,OH,43213,,,43213,Columbus,OH,39.966814,-82.87413,-5,1,"39.966814, -82.87413"
1684748,100845514,Tallahassee,FL,32312,,,32312,Tallahassee,FL,30.554434,-84.25979,-5,1,"30.554434, -84.25979"
1963665,102126944,Valencia,CA,91355,,,91355,Valencia,CA,34.406519,-118.56214,-8,1,"34.406519, -118.56214"
2186816,102339277,Birmingham,AL,35244,,,35244,Birmingham,AL,33.356981,-86.81577,-6,1,"33.356981, -86.81577"
2265645,101420628,Laurel,MD,20707,,,20707,Laurel,MD,39.098475,-76.86571,-5,1,"39.098475, -76.86571"
623636,100630149,Clayton,NC,27520,,,27520,Clayton,NC,35.635275,-78.4489,-5,1,"35.635275, -78.4489"
814642,100821155,Dayton,OH,45440,,,45440,Dayton,OH,39.674192,-84.11029,-5,1,"39.674192, -84.11029"
921689,100928202,Chesterfield,MO,63005,,,63005,Chesterfield,MO,38.646981,-90.63155,-6,1,"38.646981, -90.63155"
1641560,100684769,Avondale,AZ,85323,,,85323,Avondale,AZ,33.454441,-112.32401,-7,0,"33.454441, -112.32401"
1679364,101853511,Alpharetta,GA,30005,,,30005,Alpharetta,GA,34.080035,-84.21929,-5,1,"34.080035, -84.21929"
2247867,102301726,Davenport,FL,33896,,,33896,Loughman,FL,28.252198,-81.607612,-5,1,"28.252198, -81.607612"
2322478,100547703,Boxford,MA,1921,,,1921,Boxford,MA,42.677869,-71.00844,-5,1,"42.677869, -71.00844"
2331471,100873274,Georgetown,TX,78626,,,78626,Georgetown,TX,30.643058,-97.64713,-6,1,"30.643058, -97.64713"
943051,100949564,Pompano Beach,FL,33076,,,33076,Pompano Beach,FL,26.30116,-80.2731,-5,1,"26.30116, -80.2731"
1680827,101854520,Littleton,CO,80130,,,80130,Lone Tree,CO,39.541571,-104.92152,-7,1,"39.541571, -104.92152"
1693417,101842957,Brookfield,WI,53045,,,53045,Brookfield,WI,43.055315,-88.1503,-6,1,"43.055315, -88.1503"